{
    "inbounds": [
        {
            "port": 443,
            "protocol": "vmess",
            "settings": {
                "clients": [
                    {
                        "id": "a2a58dd6-9f49-44b0-8bac-732916349268",
                        "alterId": 0,
                        "security": "none"
                    }
                ]
            },
            "streamSettings": {
                "network": "ws",
                "wsSettings": {
                    "path": "/pic"
                }
            },
            "sniffing": {
                "enabled": true,
                "destOverride": [
                    "http",
                    "tls",
                    "quic"
                ]
            }
        },
        {
            "port": 443,
            "protocol": "vless",
            "settings": {
                "clients": [
                    {
                        "id": "a2a58dd6-9f49-44b0-8bac-732916349268",
                        "level": 0,
                        "email": "love@sk2.org"
                    }
                ],
                "decryption": "none"
            },
            "streamSettings": {
                "network": "ws",
                "security": "none",
                "wsSettings": {
                    "path": "/mov"
                }
            }
        }
    ],
    "outbounds": [
        {
            "protocol": "freedom",
            "settings": {
                "domainStrategy": "UseIPv4"
            }
        }
    ],
    "dns": {
        "servers": [
            "https+local://dns.google/dns-query",
            "https+local://1dot1dot1dot1.cloudflare-dns.com",
            "https+local://dns.quad9.net/dns-query",
            "https+local://doh.dns.sb/dns-query"
        ]
    },
    "log": {
        "loglevel": "info"
    }
}
